Variation,Regeneration,Train_input,Train_output,Test_input,Test_output,Full#1,Full#2,Full#3,MCResponse#1,MCResponse#2,MCResponse#3,Response#1,Response#2,Response#3
27,0,3,3,3,3,"(2) Number of objects

The left-to-right transformation on top of the puzzle involves a change in the number of objects. In the left picture, there are three objects, while in the right picture, there are four objects. This change in the number of objects indicates that the transformation is following rule (2).

Step-by-step reasoning:

1. In the left picture, there are three objects.
2. In the right picture, there are four objects.
3. The transformation involves a change in the number of objects, which is rule (2).

The other rules do not apply to this transformation, as there is no change in orientation, color, or size of the objects.</s>","[Skipped mcq#2, incorrect previous response]","(D)

There is no left-to-right transformation on the bottom of the puzzle that is the same as the left-to-right transformation on the top of the puzzle. The transformations on the top and bottom involve different objects and different rules, making it impossible for any of the transformations to be the same.

Step-by-step reasoning:

1. The left-to-right transformation on top of the puzzle involves a change in the number of objects.
2. The left-to-right transformations on the bottom of the puzzle involve changes in orientation, size, or color of the objects.
3. None of the transformations on the bottom match the transformation on the top, making option (D) the correct answer.</s>",0,,0,Number of objects,,Doesn't apply
27,1,3,3,3,3,"(2) Color of objects best describes the left-to-right transformation on top of the puzzle where the picture on the left transforms to the picture on the right.

Reasoning:
In the image, there are several objects with different colors, such as yellow and black. The left-to-right transformation on top of the puzzle involves a change in the color of the objects. The objects on the left are yellow, and the objects on the right are black. This change in color indicates that the rule (2) Color of objects applies to the transformation on top.</s>","[Skipped mcq#2, incorrect previous response]","(A) is the same as the left-to-right transformation on the top of the puzzle.

Reasoning:
In the image, the left-to-right transformation on the top involves a change in the color of the objects. The objects on the left are yellow, and the objects on the right are black. This change in color is also present in the left-to-right transformation of the objects on the bottom marked by (A). The other two transformations (B) and (C) do not involve a change in color, so they do not match the transformation on the top.</s>",0,,1,Color of objects,,No change
27,2,3,3,3,3,"(2) Orientation of objects

The left-to-right transformation on top of the puzzle involves a change in the orientation of the objects. In the left picture, the objects are oriented in one way, and in the right picture, they are oriented differently. This change in orientation is a characteristic of the transformation, making it a valid answer according to rule (2).

Step-by-step reasoning:

1. In the left picture, the objects are oriented in a specific direction.
2. In the right picture, the objects are oriented differently, which indicates a change in orientation.
3. This change in orientation is a characteristic of the transformation, making it a valid answer according to rule (2).</s>","[Skipped mcq#2, incorrect previous response]","(A)

The left-to-right transformation on the bottom of the puzzle marked by (A) is the same as the left-to-right transformation on the top of the puzzle. This is because both transformations involve a change in orientation of the objects.

Step-by-step reasoning:

1. In the left picture, the objects are oriented in a specific direction.
2. In the right picture, the objects are oriented differently, which indicates a change in orientation.
3. This change in orientation is a characteristic of both the top and bottom transformations, making them the same.</s>",0,,0,Orientation of objects,,+1
13,0,4,4,4,4,"(2) Number of objects

The left-to-right transformation on top of the puzzle involves a change in the number of objects. In the left picture, there are three objects, while in the right picture, there are four objects. This change in the number of objects indicates that the transformation is following rule (2).

Step-by-step reasoning:

1. In the left picture, there are three objects.
2. In the right picture, there are four objects.
3. The transformation involves a change in the number of objects, which is rule (2).

The other rules do not apply to this transformation, as there is no change in orientation, color, or size of the objects.</s>","[Skipped mcq#2, incorrect previous response]","(A)

The left-to-right transformation on the bottom of the puzzle marked by (A) is the same as the left-to-right transformation on the top of the puzzle. Both transformations involve a change in the number of objects.

Step-by-step reasoning:

1. In the left picture, there are three objects.
2. In the right picture, there are four objects.
3. The transformation marked by (A) on the bottom also involves a change in the number of objects, making it the same as the transformation on the top.

The other two transformations, marked by (B) and (C), do not involve a change in the number of objects, so they do not match the transformation on the top.</s>",0,,1,Number of objects,,No change
13,1,4,4,4,4,"(2) Color of objects

The left-to-right transformation on top of the puzzle involves a change in the color of the objects. In the image, there are multiple black circles, and the color of the circles changes as they move from left to right. This transformation is consistent with rule (2) which states that the color of objects changes in the left-to-right transformation.

Step-by-step reasoning:

1. The leftmost circle is black.
2. The second circle from the left is also black.
3. The third circle from the left is black.
4. The fourth circle from the left is black.
5. The fifth circle from the left is black.
6. The sixth circle from the left is black.
7. The seventh circle from the left is black.
8. The eighth circle from the left is black.
9. The ninth circle from the left is black.
10. The rightmost circle is black.

In this transformation, the color of the circles remains the same, but their positions change, which is consistent with rule (4) that states ""No change between pictures.""</s>","[Skipped mcq#2, incorrect previous response]","(A)

The left-to-right transformation on the bottom of the puzzle marked by (A) is the same as the left-to-right transformation on the top of the puzzle. This transformation involves a change in the color of the objects, which is consistent with the transformation on the top.

Step-by-step reasoning:

1. The leftmost object on the bottom is black.
2. The second object from the left on the bottom is black.
3. The third object from the left on the bottom is black.
4. The fourth object from the left on the bottom is black.
5. The fifth object from the left on the bottom is black.
6. The sixth object from the left on the bottom is black.
7. The seventh object from the left on the bottom is black.
8. The eighth object from the left on the bottom is black.
9. The ninth object from the left on the bottom is black.
10. The rightmost object on the bottom is black.

In this transformation, the color of the objects remains the same, but their positions change, which is consistent with rule (4) that states ""No change between pictures.""</s>",0,,1,Color of objects,,No change
13,2,4,4,4,4,"(2) Size of objects

The left-to-right transformation on top of the puzzle involves a change in the size of the objects. In the image, there are three black circles on the left side and three black circles on the right side. The circles on the left are smaller than the circles on the right. This indicates that the transformation involves a change in the size of the objects, which is rule (2).

Step-by-step reasoning:

1. The image features three black circles on the left side and three black circles on the right side.
2. The circles on the left are smaller than the circles on the right.
3. This difference in size between the circles on the left and the circles on the right is a change in the size of the objects.
4. Rule (2) states that the transformation involves a change in the size of the objects.
5. Therefore, the correct rule is (2) Size of objects.</s>","[Skipped mcq#2, incorrect previous response]","(A)

The left-to-right transformation on the bottom of the puzzle marked by (A) is the same as the left-to-right transformation on the top of the puzzle. In the image, there are three black circles on the left side and three black circles on the right side. The circles on the left are smaller than the circles on the right. This indicates that the transformation involves a change in the size of the objects, which is the same transformation as the one on the top of the puzzle.

Step-by-step reasoning:

1. The image features three black circles on the left side and three black circles on the right side.
2. The circles on the left are smaller than the circles on the right.
3. This difference in size between the circles on the left and the circles on the right is a change in the size of the objects.
4. The left-to-right transformation on the top of the puzzle also involves a change in the size of the objects.
5. Therefore, the correct letter is (A).</s>",0,,0,Size of objects,,-1
36,0,3,3,3,3,"(2) Orientation of objects

The left-to-right transformation on top of the puzzle involves a change in the orientation of the objects. In the left picture, the objects are facing upwards, while in the right picture, they are facing downwards. This change in orientation is a clear indication of the transformation rule (2) Orientation of objects.

Step-by-step reasoning:

1. In the left picture, the objects are facing upwards.
2. In the right picture, the objects are facing downwards.
3. The change in orientation from upwards to downwards is a clear indication of the transformation rule (2) Orientation of objects.</s>","[Skipped mcq#2, incorrect previous response]","(A)

The left-to-right transformation on the bottom of the puzzle marked by (A) is the same as the left-to-right transformation on the top of the puzzle. The transformation rule that best describes this is (2) Orientation of objects.

Step-by-step reasoning:

1. In the left picture, the objects are facing upwards.
2. In the right picture, the objects are facing downwards.
3. The change in orientation from upwards to downwards is a clear indication of the transformation rule (2) Orientation of objects.
4. The same transformation rule applies to the objects marked by (A) on the bottom of the puzzle.
5. Therefore, the transformation marked by (A) on the bottom of the puzzle is the same as the transformation on the top of the puzzle.</s>",0,,1,Orientation of objects,,No change
36,1,3,3,3,3,"(1) Number of objects

The left-to-right transformation on top of the puzzle involves a change in the number of objects. In the left picture, there are three donkeys, while in the right picture, there are four donkeys. This change in the number of objects indicates that the transformation is based on rule (1).

Step-by-step reasoning:

1. The left picture has three donkeys.
2. The right picture has four donkeys.
3. The transformation involves a change in the number of objects, which is rule (1).

Therefore, the correct answer is (1) Number of objects.</s>","[Skipped mcq#2, incorrect previous response]","(A)

The left-to-right transformation on the bottom of the puzzle marked by (A) is the same as the left-to-right transformation on the top of the puzzle. Both transformations involve a change in the number of objects.

Step-by-step reasoning:

1. The left picture has three donkeys.
2. The right picture has four donkeys.
3. The transformation marked by (A) on the bottom also involves a change in the number of objects.

Therefore, the correct answer is (A).</s>",0,,0,Number of objects,,+1
36,2,3,3,3,3,"(1) Number of objects

The left-to-right transformation on top of the puzzle involves a change in the number of objects. In the left picture, there are three donkeys, while in the right picture, there are four donkeys. This change in the number of objects indicates that the transformation is based on rule (1).

Step-by-step reasoning:

1. In the left picture, there are three donkeys.
2. In the right picture, there are four donkeys.
3. The transformation involves a change in the number of objects, which is rule (1).

The other rules do not apply to this transformation, as there is no change in the size, orientation, or color of the objects.</s>","[Skipped mcq#2, incorrect previous response]","(A)

The left-to-right transformation on the bottom of the puzzle marked by (A) is the same as the left-to-right transformation on the top of the puzzle. Both transformations involve a change in the number of objects.

Step-by-step reasoning:

1. In the left picture, there are three donkeys.
2. In the right picture, there are four donkeys.
3. The transformation marked by (A) on the bottom also involves a change in the number of objects, which is the same as the transformation on the top.

The other two transformations (marked by (B) and (C)) do not involve a change in the number of objects, so they do not match the transformation on the top.</s>",0,,1,Number of objects,,No change
0,0,2,2,2,2,"(2) Color of objects

The left-to-right transformation on top of the puzzle involves a change in the color of the objects. In the image, there are three objects on the bottom, each with a different color. The transformation on top also involves a change in color, as the objects on the left and right have different colors. This indicates that the rule (2) applies to the transformation on top.

Step-by-step reasoning:

1. The left-to-right transformation on top involves a change in color, as the objects on the left and right have different colors.
2. The rule (2) states that the color of objects changes in the transformation.
3. Therefore, the left-to-right transformation on top follows rule (2).</s>","[Skipped mcq#2, incorrect previous response]","(D)

There is no transformation on the bottom that is the same as the transformation on the top. The transformations on the bottom involve changes in size, orientation, or number of objects, but not in color. The transformation on top involves a change in color, which is not present in any of the transformations on the bottom. Therefore, the correct answer is (D) - none of the options apply.

Step-by-step reasoning:

1. The left-to-right transformation on top involves a change in color, as the objects on the left and right have different colors.
2. The transformations on the bottom involve changes in size, orientation, or number of objects, but not in color.
3. Therefore, none of the transformations on the bottom is the same as the transformation on the top.</s>",0,,0,Color of objects,,Doesn't apply
0,1,2,2,2,2,"(2) Orientation of objects

The left-to-right transformation on top of the puzzle involves a change in the orientation of the objects. In the left picture, the objects are oriented in one direction, while in the right picture, they are oriented in the opposite direction. This change in orientation is a characteristic of the transformation, making rule (2) the most appropriate choice.

Step-by-step reasoning:

1. In the left picture, the objects are oriented in one direction.
2. In the right picture, the objects are oriented in the opposite direction.
3. This change in orientation is a characteristic of the transformation.
4. Rule (2) describes the transformation as involving a change in the orientation of objects.

The other rules do not accurately describe the transformation in this puzzle. Rule (1) does not apply because the number of objects remains the same throughout the transformation. Rule (3) does not apply because the size of the objects does not change. Rule (4) does not apply because there is a change between the pictures.</s>","[Skipped mcq#2, incorrect previous response]","(A)

The left-to-right transformation on the bottom of the puzzle marked by (A) is the same as the left-to-right transformation on the top of the puzzle. This is because both transformations involve a change in the orientation of the objects.

Step-by-step reasoning:

1. In the left picture, the objects are oriented in one direction.
2. In the right picture, the objects are oriented in the opposite direction.
3. This change in orientation is a characteristic of both transformations.
4. The transformation marked by (A) on the bottom of the puzzle also involves a change in the orientation of the objects.
5. Therefore, the transformation marked by (A) on the bottom of the puzzle is the same as the left-to-right transformation on the top of the puzzle.</s>",0,,1,Orientation of objects,,No change
0,2,2,2,2,2,"(1) Number of objects

The left-to-right transformation on top of the puzzle involves a change in the number of objects. In the left picture, there are three objects, while in the right picture, there are four objects. This change in the number of objects indicates that the transformation is following rule (1).

Step-by-step reasoning:

1. In the left picture, there are three objects.
2. In the right picture, there are four objects.
3. The transformation involves a change in the number of objects, which is rule (1).</s>","[Skipped mcq#2, incorrect previous response]","(A)

The left-to-right transformation on the bottom of the puzzle marked by (A) is the same as the left-to-right transformation on the top of the puzzle. Both transformations involve a change in the number of objects.

Step-by-step reasoning:

1. In the left picture, there are three objects.
2. In the right picture, there are four objects.
3. The transformation marked by (A) on the bottom also involves a change in the number of objects, making it the same as the transformation on the top.</s>",0,,0,Number of objects,,+1
10,0,4,4,4,4,"(1) Number of objects best describes the left-to-right transformation on top of the puzzle where the picture on the left transforms to the picture on the right.

Reasoning:
In the image, there are three different objects on the bottom, each with its own transformation (A, B, and C). However, the top image features only one object, which undergoes a left-to-right transformation. The transformation involves a change in the number of objects, as the single object on the left transforms into two objects on the right. This change in the number of objects is consistent with rule (1).</s>","[Skipped mcq#2, incorrect previous response]","(A) is the same as the left-to-right transformation on the top of the puzzle.

Reasoning:
In the image, there are three different objects on the bottom, each with its own transformation (A, B, and C). The left-to-right transformation on the top of the puzzle involves a change in the number of objects, as the single object on the left transforms into two objects on the right. This change in the number of objects is consistent with the transformation marked by (A) on the bottom of the puzzle. The transformations marked by (B) and (C) involve changes in the orientation, size, or color of the objects, which do not match the transformation on the top of the puzzle.</s>",0,,1,Number of objects,,No change
10,1,4,4,4,4,"(1) Number of objects

The left-to-right transformation on top of the puzzle involves a change in the number of objects. In the left picture, there are two objects, while in the right picture, there are three objects. This change in the number of objects indicates that the transformation is following rule (1).

Step-by-step reasoning:

1. In the left picture, there are two objects.
2. In the right picture, there are three objects.
3. The transformation involves a change in the number of objects, which is rule (1).</s>","[Skipped mcq#2, incorrect previous response]","(A)

The left-to-right transformation on the bottom of the puzzle marked by (A) is the same as the left-to-right transformation on the top of the puzzle. Both transformations involve a change in the number of objects.

Step-by-step reasoning:

1. In the left picture, there are two objects.
2. In the right picture, there are three objects.
3. The transformation marked by (A) on the bottom also involves a change in the number of objects, making it the same as the transformation on the top.</s>",0,,1,Number of objects,,No change
10,2,4,4,4,4,"(2) Number of objects best describes the left-to-right transformation on top of the puzzle where the picture on the left transforms to the picture on the right.

Reasoning:
In the image, there are three different objects on the bottom, each with a left-to-right transformation marked by (A), (B), or (C). The top image shows a single object with a left-to-right transformation, which is the focus of the puzzle. The transformation involves a change in the number of objects, as the single object on the left transforms into two objects on the right. This change in the number of objects is consistent with rule (2) for the top transformation.</s>","[Skipped mcq#2, incorrect previous response]","(A) is the same as the left-to-right transformation on the top of the puzzle.

Reasoning:
In the image, there are three different objects on the bottom, each with a left-to-right transformation marked by (A), (B), or (C). The top image shows a single object with a left-to-right transformation, which is the focus of the puzzle. The transformation involves a change in the number of objects, as the single object on the left transforms into two objects on the right. This change in the number of objects is consistent with the transformation marked by (A) on the bottom of the puzzle. The transformations marked by (B) and (C) involve changes in the size, orientation, or color of the objects, which do not match the transformation on the top.</s>",0,,0,Number of objects,,+1
