Variation,Regeneration,Train_input,Train_output,Test_input,Test_output,Full,MCResponse,Response
40,0,4,6,4,6,"(D)

Let's carefully observe and analyze the transformations provided:

Training Transformation:
- On the left side, there are four frogs facing left.
- On the right side, there are six frogs facing left.

The training transformation shows an increase of two frogs from the left to the right side.

Now, examining options (A), (B), and (C):

(A) Transformation:
- On the left side, there are five gingerbread men facing right.
- On the right side, there are seven gingerbread men facing right.
This transformation shows an increase of two gingerbread men. This matches the increase by two in the training transformation.

(B) Transformation:
- On the left side, there are three gingerbread men facing right.
- On the right side, there are five gingerbread men facing right.
This transformation also shows an increase of two gingerbread men.

(C) Transformation:
- On the left side, there are two gingerbread men facing right.
- On the right side, there are four gingerbread men facing right.
This transformation shows an increase of two gingerbread men.

Since all transformations (A), (B), and (C) follow the same rule as the training transformation (adding two objects), it seems there is no clear single correct answer based on the provided rule. However, this could be a misinterpretation of the intention of the training transformation. If the specific orientation of the objects (left-facing vs. right-facing) is not part of the transformation rule,",0,Doesn't apply
40,1,4,6,4,6,"(C)

Let's perform a step-by-step analysis of each provided transformation (A), (B), and (C) to see which one matches the 'training transformation' from the first image that showed an increase of 2 objects.

1. Transformation (A): It appears there are 5 objects on the left and 7 on the right. This would be a +2 transformation, which matches the training transformation. However, the color of the objects has changed from a lighter shade to a darker shade, which did not occur in the training transformation.

2. Transformation (B): There are 5 objects on the left and 6 on the right. This is a +1 transformation, so it does not match the training transformation.

3. Transformation (C): There are 6 objects on the left and 8 on the right. This is a +2 transformation. Moreover, there is no change in the color or shape of the objects, making it consistent with the training transformation which only involved an increase in quantity without alteration in other attributes.

Therefore, transformation (C) is the one that follows the identified transformation since it involves an increase by 2 objects and does not introduce changes in color or other attributes.",0,-1
40,2,4,6,4,6,"The correct transformation is (C).

Step-by-step reasoning:

- The training transformation shows an increase by two of a certain object from the left side to the right side. On the left, there are three objects, and on the right, there are five objects.

- Now examining the given options:

(A) There are four objects on the left and six on the right, indicating an increase of two. This follows the training rule.

(B) There are three objects on the left and five on the right, also indicating an increase of two. This too follows the training rule.

(C) There are three objects on the left and five on the right, mirroring the original training images exactly with an increase of two.

Since all three transformations increase by two, and there is no other distinctive rule to set one apart from the others, it seems there was a misinterpretation in how the training transformation was established versus how the options should be evaluated. Given the data, however, (C) is the identical transformation to the training set, both in the count of increase and the count of objects. Therefore, answer (C) is selected based on that exact replication of the initial condition.",0,No change
44,0,4,6,4,6,"The correct transformation is (B).

Step-by-step reasoning:
1. We are looking for a transformation where the object on the left increases by 2 to become the object on the right, as per the training transformation.
2. Transformation (A) shows an increase of 3 objects from the left to the right (5 to 8).
3. Transformation (B) shows an increase of 2 objects from the left to the right (5 to 7), which matches the training transformation we are looking for.
4. Transformation (C) shows an increase of 4 objects from the left to the right (5 to 9).

Therefore, transformation (B) is the correct one as it follows the identified transformation, increasing the count by 2.",0,-1
44,1,4,6,4,6,"(D)

Let's analyze the provided images step by step:

The training transformation shows five brown objects on the left which transform into seven brown objects on the right. This indicates the transformation rule is that the count of objects increases by two.

Now, examining the transformations marked (A), (B), and (C):

- In transformation (A), there are four objects on the left and six on the right, following the rule of an increase by two.
- In transformation (B), there are also four objects on the left, but there are seven on the right, which is an increase by three, not following the specified rule.
- In transformation (C), there are five objects on the left and seven on the right, which is an increase by two, matching the rule specified in the training transformation.

Upon re-evaluating the situations, it appears that (C) indeed follows the training transformation: the increase in the count of objects on the right side relative to the count on the left side is by two. Therefore, the correct answer should be (C) instead of (D).",0,Doesn't apply
44,2,4,6,4,6,"The correct transformation is (B).

Step-by-step reasoning:

1. The training transformation shows a sequence of objects, where each object on the left is a book leaning left, and each subsequent object transforms to a book leaning right with an increase of two books in the sequence.
2. When comparing this with the three options provided:
   - Transformation (A) shows a sequence of objects that appear to be shields with an increase in count from left to right, which does not match the training transformation as there is no apparent increase by two in the sequence.
   - Transformation (B) shows a sequence where the left side has three shields, and the right side has five shields. This is an increase by exactly two, mirroring the increase by two as described in the training transformation.
   - Transformation (C) shows an identical sequence to (A) and thus does not follow the training transformation's rule of increasing by two.

Therefore, the only sequence that follows the rule of increasing the count by two from left to right, as defined by the training transformation, is (B).",0,No change
47,0,4,6,4,6,"(A)

Let's analyze the training transformation step by step:

- In the training transformation, there are cups with a number of ball-like objects inside them depicted on the left side. It seems that the quantity of these ball-like objects in each cup is what changes during the transformation.
- The objects increase in number by 2 from the left to the right side.

Now, let's examine each option:

- (A) shows rows of three burgers on the left and four burgers on the right. This is an increase of one burger, not two, so it does not follow the transformation rule.
- (B) shows rows of four burgers on the left and six burgers on the right. This is an increase of two burgers, which does follow the transformation rule.
- (C) shows rows of five burgers on the left and seven burgers on the right. This is an increase of two burgers, which does follow the transformation rule.

Now, considering that both (B) and (C) have the same increase of two, we have to look back at the first image's description for more context. In the training transformation, each individual cup has exactly two more objects after the transformation. When comparing (B) and (C) following this rule, only transformation (B) has all rows increased by the same amount uniformly (each row has precisely two additional burgers), just like each cup had exactly two more objects after the transformation in the training image. In contrast, transformation (C) does",1,+2
47,1,4,6,4,6,"(C)

Step-by-step reasoning:

1. The training transformation shows a pattern of increasing the count by 2 from left to right. We start with three objects on the left, and on the right, there are five.

2. Now we need to determine which of the three given transformations (A), (B), or (C) also follows this pattern.

   - (A) has four objects on the left and five on the right, an increase of 1.
   - (B) has four objects on the left and six on the right, an increase of 2.
   - (C) has five objects on the left and seven on the right, an increase of 2.

3. Comparing the increases, only transformation (C) has the same increase by 2 as the training transformation.

Therefore, the correct answer is (C).",0,-1
47,2,4,6,4,6,"(C)

Here is the step-by-step reasoning for choosing transformation (C):

1. Training Transformation: The first picture shows six objects on the left side, and the second picture shows eight objects on the right side. This indicates an increase by two objects.

2. Observing Transformation (A): There are five objects on the left side and there are five objects on the right side, indicating no change in quantity.

3. Observing Transformation (B): There are six objects on the left side and there are seven objects on the right side, indicating an increase by one object.

4. Observing Transformation (C): There are five objects on the left side and there are seven objects on the right side, indicating an increase by two objects.

Transformation (C) is the correct answer because it's the only transformation that follows the pattern of increasing the number of objects by two, as was identified in the training transformation.",0,-1
11,0,3,5,3,5,"The correct transformation following the identified training transformation is (A).

Step-by-step reasoning:

1. The training transformation shows a left-to-right increase of 2 deer, from 3 deer to 5 deer on the right side. Thus, we are looking for a similar increase by 2 in the three given images.

2. Transformation (A) shows 4 dice on the left and 6 dice on the right. The number of dice has increased by 2, which matches the training transformation pattern.

3. Transformation (B) shows 5 dice on the left and 5 dice on the right, with no increase in number, so it does not follow the training transformation pattern.

4. Transformation (C) shows 4 dice on the left and 4 dice on the right, with no increase in number, so it does not follow the training transformation pattern.

Therefore, option (A) is the one that follows the identified transformation of increasing the number by 2.",1,+2
11,1,3,5,3,5,"(C)

Let's analyze the given transformations:

1. For transformation (A), we see four dice on the left, each showing five dots (5). On the right, we see the same four dice. So there is no change in the number of objects, and therefore, it does not follow the training transformation where the number of objects increases by 2.

2. In transformation (B), we see four dice on the left, each with five dots (5). On the right side, there are still four dice, each with five dots (5). There's no increase in the number of objects, so this transformation does not follow the training transformation either.

3. Looking at transformation (C), we see four dice on the left, each showing five dots (5). On the right side, there are six dice, each still showing five dots (5). There's an increase in the number of dice by 2, which matches the described training transformation.

Therefore, the correct answer is (C) because it is the only transformation where the number of objects increases by 2, just as in the training transformation.",1,+2
11,2,3,5,3,5,"(B)

Step-by-step reasoning:

1. The training transformation shows a left-to-right increase of 2 deer. There are 3 deer on the left and 5 deer on the right.

2. Based on this, we should look for a left-to-right transformation that shows an increase of 2 in the given options.

3. Transformation (A) shows 4 dice on the left and 4 dice on the right, with no increase.
4. Transformation (B) shows 3 dice on the left and 5 dice on the right, which is an increase of 2.
5. Transformation (C) shows 5 dice on the left and 4 dice on the right, which is a decrease of 1 dice.

The only transformation that follows the identified increase by 2 is (B).",0,-1
2,0,4,6,4,6,"(C)

Step-by-step reasoning:

1. The training transformation shows a set of two objects on the left.
2. The transformation results in three objects on the right, which is an increase of exactly one object.
3. Now, looking at the options given:
   - (A) shows three objects on the left and three on the right, with no increase in number.
   - (B) shows five objects on the left and three on the right, a decrease rather than an increase.
   - (C) shows three objects on the left and four on the right, which is an increase by one.

Therefore, the correct transformation that follows the identified training transformation is:
(C) because it demonstrates an increase of one object from the left side to the right side, consistent with the training transformation rule.",0,No change
2,1,4,6,4,6,"(C)

Let's analyze each of the transformations (A), (B), and (C) step by step based on the training transformation:

- Training transformation: The left image shows three identical objects, and the right image shows five identical objects. This indicates an increase of two objects in the transformation.

Now, looking at the provided options:

- (A) Transformation: The left side shows five apples, and the right side shows two. Instead of an increase, this represents a decrease of three apples. This does not follow the training transformation.
- (B) Transformation: The left side shows five apples, and the right side shows five apples. There is no change in the number of apples. This does not follow the training transformation.
- (C) Transformation: The left side shows five apples, and the right side shows seven apples. This is an increase of two apples, which follows the pattern of the training transformation.

Therefore, transformation (C) correctly follows the identified transformation of increasing by two objects.",0,No change
2,2,4,6,4,6,"The correct transformation is (A).

Step-by-step reasoning:

1. In the training transformation, there are three objects on the left and five on the right. This means there is an increase of two objects in going from left to right.

2. Transformation (A) starts with four objects on the left and ends with six on the right, which is an increase of two objects, matching the pattern of the training transformation.

3. Transformation (B) does not follow the pattern because it shows the same number of objects on both the left and the right (five objects).

4. Transformation (C) also does not follow the pattern because it shows a decrease from five objects on the left to just two on the right, which is a decrease of three objects, not an increase of two.

Therefore, the transformation that follows the identified transformation (increase by two) is (A).",0,No change
